Id;Label;Degree;PageRank;Betweenness;Community
1;1 ceres;1091;0.0010916384301442622;0.0005576719003572711;0
2;10 hygiea;1724;0.0015103654555227895;4.814433672149103e-05;0
3;101 helena;1029;0.0009655701480572171;8.732847744203776e-05;0
4;1018 arnolda;419;0.0004874899267922166;0.0;0
5;10199 chariklo;309;0.0006269402796685284;0.12936249542795972;0
6;1025 riema;991;0.0009328678494707126;0.00012398779043178943;0
7;103 hera;969;0.0009166976394579372;7.312976250851992e-05;0
8;1036 ganymed;1442;0.0012939185119945954;0.00028686000629888405;0
9;105 artemis;1218;0.0011149139036645051;1.2036084180372757e-05;0
10;1058 grubba;1012;0.0009483978238846099;0.0005224936220260202;0
11;106 dione;1472;0.0013121983432857628;1.0030070150310631e-06;0
12;107 camilla;995;0.0009401000618498676;9.170349851712582e-06;0
13;11 parthenope;1476;0.0013135098431613793;0.0;0
14;110 lydia;1369;0.0012472952597563519;1.1283828919099461e-05;0
15;1103 sequoia;1002;0.0009452685653693654;0.00015744822024047126;0
16;111 ate;1009;0.0009519557026216698;0.0;0
17;113 amalthea;1426;0.001276384889902347;1.4042098210434884e-06;0
18;114 kassandra;1126;0.0010395368271340756;0.0;0
19;115 thyra;1582;0.0013982261307866916;0.0;0
20;116 sirona;1439;0.0012872435457045276;4.0120280601242527e-07;0
21;1167 dubiago;693;0.0007006006044959245;0.0;0
22;1172 aneas;867;0.000833008367109701;0.0;0
23;1173 anchises;929;0.000884310800489954;0.0;0
24;119 althaea;1264;0.00115072798469836;0.0;0
25;12 victoria;1650;0.0014535928287628184;4.413230866136678e-05;0
26;121 hermione;1254;0.0011445914685071416;1.0030070150310631e-06;0
27;1212 francette;1158;0.0010660322654199293;0.00021514035876093316;0
28;1215 boyer;418;0.00048744035514083683;0.0;0
29;124 alkeste;1231;0.001125773196470848;2.0958070390268136e-05;0
30;125 liberatrix;965;0.0009253085167330435;3.510524552608721e-06;0
31;1251 hedera;665;0.0006832351358672239;2.681849709237822e-05;0
32;128 nemesis;1359;0.0012259662791027932;0.00010932776463838588;0
33;1284 latvia;1324;0.0011996174531791997;1.8054126270559137e-05;0
34;129 antigone;1184;0.001096806749175536;1.0030070150310631e-06;0
35;13 egeria;1651;0.001450593927370921;0.0;0
36;130 elektra;1743;0.0015278991416779978;3.009021045093189e-06;0
37;1317 silvretta;893;0.0008597715556268753;3.9117273586211464e-05;0
38;132 aethra;932;0.0008913296266231744;7.823454717242293e-05;0
39;134 sophrosyne;870;0.0008446355689476269;0.00011672135920632902;0
40;135 hertha;1311;0.0012000371500289085;1.8054126270559137e-05;0
41;136 austria;1048;0.0009894675119236059;9.762601612969013e-05;0
42;137 meliboea;730;0.0007306955963296753;3.3433567167702106e-06;0
43;1379 lomonosowa;402;0.00047663469125919114;0.0;0
44;138 tolosa;614;0.0006371116514240981;0.0;0
45;139 juewa;1059;0.0009852203931633218;1.0698741493664668e-05;0
46;14 irene;1469;0.0013119955763872884;0.0;0
47;140 siwa;1008;0.0009470864334601759;0.00023214538021930578;0
48;141 lumen;1118;0.0010330942568407685;0.0;0
49;144 vibilia;1236;0.0011303360023325712;7.336279881370066e-05;0
50;145 adeona;1582;0.0013982261307866916;0.0;0
51;148 gallia;936;0.0008922153749774447;0.00017767552837693104;0
52;15 eunomia;1476;0.0013135098431613789;0.0;0
53;152 atala;1005;0.0009463559227068563;1.0698741493664674e-06;0
54;153 hilda;1005;0.0009463559227068563;1.0698741493664674e-06;0
55;156 xanthippe;1264;0.0011507279846983604;0.0;0
56;158 koronis;1231;0.001125773196470848;2.0958070390268136e-05;0
57;1580 betulia;897;0.0008610870865422418;3.2430560152671046e-05;0
58;16 psyche;1749;0.0015439756609133823;4.0120280601242526e-06;0
59;161 athor;820;0.0008105157890200713;0.0003500876580368906;0
60;1620 geographos;1041;0.0009721833667851592;0.0;0
61;1627 ivar;1247;0.0011317808997739745;0.0;0
62;164 eva;1008;0.0009470864334601759;0.00023214538021930578;0
63;166 rhodope;813;0.0007934844914543067;0.00022195908412786595;0
64;167 urda;1291;0.001174660961068116;0.0002467397256976415;0
65;1685 toro;886;0.0008487005504420821;0.0;0
66;169 zelia;1337;0.0012104765280962471;0.0001160144780719263;0
67;17 thetis;1421;0.0012788648295206317;5.015035075155316e-06;0
68;170 maria;1051;0.0009817421488367043;4.0120280601242526e-06;0
69;171 ophelia;995;0.0009401000618498677;9.170349851712582e-06;0
70;1722 goffin;422;0.0004919971175084356;0.0;0
71;173 ino;1120;0.0010412365098859098;4.0120280601242526e-06;0
72;1772 gagarin;402;0.0004766346912591912;0.0;0
73;18 melpomene;1596;0.001410128035551083;9.277814889037334e-06;0
74;181 eucharis;1300;0.001180408398010222;0.0;0
75;184 dejopeja;995;0.0009515790040019175;5.9511749558509756e-05;0
76;185 eunike;1231;0.001125773196470848;2.0958070390268136e-05;0
77;186 celuta;912;0.0008792793379748261;1.2508930344601677e-05;0
78;19 fortuna;1687;0.0014802988276092705;0.0;0
79;190 ismene;925;0.0008850527765145557;0.0001676454582266204;0
80;192 nausikaa;1328;0.0012009289296825963;1.6549615748012542e-05;0
81;194 prokne;1392;0.0012509234970414687;5.015035075155316e-06;0
82;196 philomela;1231;0.001125773196470848;2.0958070390268136e-05;0
83;198 ampella;941;0.0008984402495001811;1.0030070150310631e-06;0
84;2 pallas;1833;0.0016000173138428118;1.3373426867080841e-06;0
85;20 massalia;1664;0.001462643569443384;6.686713433540421e-07;0
86;200 dynamene;1158;0.0010660322654199293;0.00021514035876093316;0
87;201 penelope;980;0.0009374992713602309;0.0;0
88;2060 chiron;945;0.0009212681405365424;0.03614034876559927;0
89;209 dido;878;0.0008523407619889482;5.0890665453123746e-05;0
90;21 lutetia;1828;0.001924207834673056;0.007524558626763035;0
91;2100 ra-shalom;809;0.000793825547136619;0.0;0
92;213 lilaea;1406;0.0012652456215480935;1.8388461942236156e-05;0
93;214 aschera;1044;0.0009859113680757013;0.00023871566957739304;0
94;216 kleopatra;1496;0.0013472946426064003;3.009021045093189e-06;0
95;217 eudora;730;0.0007278219270180333;9.027063135279568e-06;0
96;22 kalliope;1703;0.001506374482485861;1.7051119255528074e-05;0
97;221 eos;1517;0.001351565955883671;1.8054126270559137e-05;0
98;224 oceana;518;0.0005659908316158822;2.0060140300621263e-06;0
99;23 thalia;1374;0.0012367426711869987;3.1761888809317e-06;0
100;230 athamantis;1469;0.0013119955763872889;0.0;0
101;233 asterope;1260;0.001151430801455797;0.0;0
102;234 barbara;951;0.0009120678531351361;3.732141340691778e-05;0
103;236 honoria;1158;0.0010660322654199293;0.00021514035876093316;0
104;24 themis;1421;0.0012735880692312735;2.0060140300621263e-06;0
105;241 germania;1203;0.0011015811145467823;0.0;0
106;243 ida;821;0.000996998552919016;0.01604008818437676;0
107;246 asporina;1589;0.001409358570231959;1.5045105225465947e-05;0
108;25 phocaea;1545;0.0013719594436898464;4.0120280601242526e-06;0
109;250 bettina;1010;0.0009556326341361169;8.024056120248505e-06;0
110;253 mathilde;348;0.0006160857145060143;0.0060481323006373105;0
111;258 tyche;1472;0.0013121983432857632;1.0030070150310631e-06;0
112;26 proserpina;1366;0.0012274872397233449;0.0;0
113;264 libussa;1426;0.001276384889902347;1.4042098210434884e-06;0
114;268 adorea;1032;0.0009663559799887004;6.686713433540421e-07;0
115;27 euterpe;1710;0.0014984575207301364;2.4072168360745514e-05;0
116;279 thule;1158;0.0010660322654199293;0.00021514035876093316;0
117;28 bellona;1341;0.0012117878924425476;6.686713433540421e-07;0
118;283 emma;556;0.0005976353927918927;1.9558636793105732e-05;0
119;289 nenetta;1219;0.0011224417376466424;1.0030070150310631e-06;0
120;29 amphitrite;1655;0.0014579918008392843;0.0;0
121;292 ludovica;438;0.0005062194855249482;0.0;0
122;3 juno;1663;0.0014644511519101026;0.0;0
123;30 urania;1456;0.0013011366449231746;0.0;0
124;306 unitas;931;0.0008901305012644933;0.00016614954490705973;0
125;308 polyxo;1473;0.0013132355324306107;0.0;0
126;31 euphrosyne;1303;0.0011763876882301052;0.0;0
127;313 chaldaea;973;0.0009184819148872161;0.0;0
128;317 roxane;1146;0.001062687611021332;6.68671343354042e-06;0
129;32 pomona;1439;0.0012872435457045276;4.0120280601242527e-07;0
130;322 phaeo;878;0.0008523407619889481;5.0890665453123746e-05;0
131;323 brucia;1032;0.0009663559799887004;6.686713433540421e-07;0
132;324 bamberga;1141;0.0010470053458749595;0.0;0
133;325 heidelberga;841;0.0008140594544302919;0.0;0
134;326 tamara;962;0.0009113233887344293;0.0;0
135;329 svea;819;0.0008058711804626202;8.024056120248505e-06;0
136;33 polyhymnia;1075;0.0010013936662263327;3.182875594365235e-05;0
137;335 roberta;1292;0.0011806879132317107;0.0001143427997135412;0
138;336 lacadiera;969;0.0009166976394579374;7.312976250851992e-05;0
139;337 devosa;1308;0.0011971651417347316;6.686713433540421e-06;0
140;338 budrosa;1329;0.001202171672795698;1.3373426867080841e-06;0
141;339 dorothea;1064;0.0009926032770047198;1.0030070150310631e-06;0
142;34 circe;1286;0.0011662123367641726;8.124356821751611e-05;0
143;344 desiderata;973;0.0009184819148872161;0.0;0
144;345 tercidina;1341;0.0012117878924425476;6.686713433540421e-07;0
145;346 hermentaria;1042;0.0009764316747549982;5.4850155050556e-05;0
146;347 pariana;1175;0.0010820804536384352;5.850874254347868e-05;0
147;349 dembowska;1656;0.0014590377210386965;2.0060140300621263e-06;0
148;352 gisela;1075;0.0010013936662263327;3.182875594365235e-05;0
149;354 eleonora;1772;0.0015551656092255303;3.81142665711804e-05;0
150;356 liguria;1094;0.0010101667552078317;0.0;0
151;359 georgia;872;0.0008535310739821722;0.00042531318416421944;0
152;36 atalante;790;0.0007745281816446996;0.0;0
153;361 bononia;1032;0.0009663559799887003;6.686713433540421e-07;0
154;365 corduba;991;0.0009328678494707124;0.00012398779043178943;0
155;369 aeria;623;0.0006547843138926627;0.0002916744399710332;0
156;37 fides;1532;0.0013611010379968615;1.2036084180372757e-05;0
157;372 palma;1008;0.0009470864334601757;0.00023214538021930578;0
158;374 burgundia;958;0.0009079070635995097;5.95514790571571e-05;0
159;375 ursula;1063;0.000993173947183456;2.0060140300621263e-06;0
160;376 geometria;969;0.0009166976394579372;7.312976250851992e-05;0
161;379 huenna;1107;0.0010298755848353795;0.0;0
162;386 siegena;1439;0.00128777264459616;1.4042098210434884e-05;0
163;387 aquitania;1214;0.001113999261735695;0.0;0
164;389 industria;1536;0.0013624133161406309;1.2036084180372757e-05;0
165;39 laetitia;1549;0.0013732716198104;0.0;0
166;4 vesta;1794;0.0016827101544695038;0.001476426326125725;0
167;40 harmonia;1476;0.0013135098431613793;0.0;0
168;4015 wilson-harrington;538;0.0006088036274056702;0.004709117935570842;0
169;402 chloe;958;0.0009079070635995096;5.95514790571571e-05;0
170;403 cyane;795;0.0007780553102614973;3.949204795341515e-05;0
171;405 thia;995;0.0009401000618498678;9.170349851712582e-06;0
172;409 aspasia;1230;0.0011261960381332469;1.1283828919099461e-05;0
173;41 daphne;1570;0.0013951595809443187;5.015035075155316e-06;0
174;410 chloris;1046;0.0009782395842500016;0.0;0
175;416 vaticana;1341;0.0012117878924425476;6.686713433540421e-07;0
176;417 suevia;980;0.0009330248480855742;0.0004192569322829844;0
177;418 alemannia;696;0.0007055622597499951;0.0;0
178;419 aurelia;1298;0.001179738820929854;3.009021045093189e-06;0
179;42 isis;1549;0.0013732716198104;0.0;0
180;423 diotima;1205;0.001102861381347991;1.0698741493664668e-05;0
181;43 ariadne;1733;0.0015223219181694986;4.0120280601242526e-06;0
182;431 nephele;1203;0.0011015811145467823;0.0;0
183;433 eros;556;0.0007380485424677385;0.012928760423750404;0
184;434 hungaria;1569;0.001396984425871043;9.027063135279568e-06;0
185;44 nysa;1829;0.0016061007683829918;1.3373426867080841e-06;0
186;441 bathilde;1224;0.0011225631599305714;1.303909119540382e-05;0
187;446 aeternitas;1343;0.001215406581756165;1.3289842949161586e-05;0
188;45 eugenia;1346;0.0012151069114857839;1.303909119540382e-05;0
189;46 hestia;1614;0.001429498353865628;0.0;0
190;462 eriphyla;1158;0.0010660322654199297;0.00021514035876093316;0
191;47 aglaja;977;0.0009259546737816427;9.534636789145789e-05;0
192;470 kilia;894;0.000863852428084457;2.354200750994343e-05;0
193;471 papagena;1341;0.0012117878924425476;6.686713433540421e-07;0
194;472 roma;819;0.0007973331982695196;0.0;0
195;476 hedwig;1097;0.0010168662557753798;0.0;0
196;48 doris;1286;0.0011662123367641726;8.124356821751611e-05;0
197;488 kreusa;1032;0.0009663559799887002;6.686713433540421e-07;0
198;495 eulalia;438;0.0005062194855249479;0.0;0
199;497 iva;690;0.0007099685545957144;0.0;0
200;5 astraea;1651;0.0014505939273709207;0.0;0
201;50 virginia;1032;0.0009832115467955558;5.015035075155316e-06;0
202;504 cora;706;0.0007138738902226554;1.0603217016042665e-05;0
203;505 cava;1179;0.001082966321112439;1.1033077165341695e-05;0
204;51 nemausa;1503;0.0013379905221238648;9.277814889037334e-06;0
205;511 davida;1838;0.0016015633663057636;2.0060140300621263e-06;0
206;52 europa;1443;0.001289085774687597;0.0;0
207;521 brixia;1075;0.0010013936662263327;3.182875594365235e-05;0
208;53 kalypso;860;0.0008347975321843257;2.5242343211615086e-05;0
209;532 herculina;1651;0.0014505939273709203;0.0;0
210;54 alexandra;1505;0.0013416903856789352;9.277814889037334e-06;0
211;55 pandora;1178;0.00109841817114684;2.0060140300621263e-06;0
212;554 peraga;1523;0.0013503627578006815;0.0;0
213;556 phyllis;817;0.0008054797994040811;0.0005737200125977677;0
214;558 carmen;1093;0.0010164530164103454;1.1033077165341695e-05;0
215;56 melete;1037;0.0009748259276654968;3.650945534713072e-05;0
216;563 suleika;1341;0.0012117878924425476;6.686713433540421e-07;0
217;57 mnemosyne;1313;0.0011876157090211909;0.0;0
218;579 sidonia;1264;0.0011507279846983604;0.0;0
219;58 concordia;1374;0.0012367426711869987;3.1761888809317e-06;0
220;584 semiramis;1476;0.0013135098431613793;0.0;0
221;59 elpis;969;0.0009166976394579375;7.312976250851992e-05;0
222;599 luisa;1348;0.0012229057731237205;0.00023436930584559175;0
223;6 hebe;1549;0.0013732716198104004;0.0;0
224;60 echo;1158;0.0010660322654199297;0.00021514035876093316;0
225;602 marianna;873;0.0008416935804430565;0.0;0
226;617 patroclus;781;0.0007639133707742811;0.0;0
227;619 triberga;435;0.0005017057273674723;0.0;0
228;62 erato;1342;0.0012150391349715218;4.0120280601242526e-06;0
229;624 hektor;962;0.000911323388734429;0.0;0
230;63 ausonia;1664;0.0014626435694433844;6.686713433540421e-07;0
231;639 latona;1207;0.0011028545033774323;0.0;0
232;64 angelina;1829;0.0016061007683829916;1.3373426867080841e-06;0
233;65 cybele;1793;0.0015650302293603586;0.0;0
234;653 berenike;1042;0.0009764316747549983;5.4850155050556e-05;0
235;654 zelinda;1304;0.0011817200997966577;3.0090210450931894e-05;0
236;66 maja;1254;0.0011445914685071416;1.0030070150310631e-06;0
237;660 crescentia;1072;0.0010022896237155616;0.00045302483512236347;0
238;661 cloelia;774;0.0007630810659603623;1.5761538807630973e-06;0
239;67 asia;969;0.0009166976394579374;7.312976250851992e-05;0
240;674 rachele;1220;0.0011098570678713404;0.0;0
241;68 leto;1426;0.0012835037681532824;8.024056120248505e-06;0
242;69 hesperia;1427;0.0012776353081528186;1.604811224049701e-05;0
243;695 bella;1018;0.0009616050294759095;0.00010230671553316843;0
244;7 iris;1549;0.0013732716198104004;0.0;0
245;70 panopaea;1046;0.0009782395842500016;0.0;0
246;702 alauda;1276;0.0011613377864747405;2.0060140300621263e-06;0
247;704 interamnia;1817;0.0015842382608608767;4.0120280601242526e-06;0
248;71 niobe;1493;0.0013377557307828417;1.5295856979223714e-05;0
249;712 boliviana;1364;0.0012305287855206139;3.0090210450931894e-05;0
250;714 ulula;1296;0.0011781764010671168;1.8054126270559137e-05;0
251;72 feronia;521;0.0005636447885252154;0.0;0
252;739 mandeville;1416;0.0012766809399383304;2.206615433068339e-05;0
253;747 winchester;1118;0.0010330942568407685;0.0;0
254;75 eurydike;887;0.0008657040860359555;0.0;0
255;758 mancunia;543;0.0005869534539249669;0.00015459681458345452;0
256;76 freia;1005;0.0009463559227068561;1.0698741493664674e-06;0
257;762 pulcova;740;0.0007339135562878578;0.0;0
258;77 frigga;922;0.0008944790618267143;0.0;0
259;771 libera;872;0.0008535310739821721;0.00042531318416421944;0
260;772 tanete;967;0.0009099234339391832;0.0;0
261;773 irmintraud;1176;0.0010761334018491633;0.0;0
262;776 berbericia;844;0.0008217157245997765;1.5761538807630973e-06;0
263;78 diana;1264;0.0011507279846983604;0.0;0
264;785 zwetana;1384;0.001259521139277222;0.0;0
265;79 eurynome;1158;0.0010660322654199293;0.00021514035876093316;0
266;790 pretoria;1032;0.0009663559799887001;6.686713433540421e-07;0
267;796 sarita;804;0.0007971590161919577;1.5379440897142966e-05;0
268;8 flora;1109;0.001027404506267984;1.573288146434439e-05;0
269;80 sappho;1476;0.0013135098431613793;0.0;0
270;804 hispania;995;0.0009401000618498679;9.170349851712582e-06;0
271;808 merxia;528;0.0005749635098116035;2.4645315226477583e-05;0
272;811 nauheima;999;0.0009413969925142186;0.00011250395351931758;0
273;82 alkmene;1439;0.001287243545704528;4.0120280601242527e-07;0
274;83 beatrix;1268;0.0011520384748686565;4.480098000472081e-05;0
275;84 klio;1178;0.0010819794638153365;9.027063135279568e-06;0
276;849 ara;811;0.0007996940265720276;3.6108252541118274e-05;0
277;85 io;1510;0.0013434043166676356;0.0;0
278;86 semele;810;0.0007920197856309431;4.44666443330438e-06;0
279;863 benkoela;1219;0.0011224417376466424;1.0030070150310631e-06;0
280;87 sylvia;1652;0.0014635443460049142;1.303909119540382e-05;0
281;872 holda;431;0.000496483070865389;3.5821679108252227e-06;0
282;877 walkure;735;0.0007353467005676946;2.0060140300621263e-06;0
283;88 thisbe;1388;0.0012486317246126098;0.0;0
284;887 alinda;1036;0.0009676670814011986;4.680699403478294e-06;0
285;89 julia;1660;0.0014625537616064668;1.7051119255528074e-05;0
286;897 lysistrata;650;0.0006721578434189501;0.00040086847034074836;0
287;9 metis;1538;0.0013629671422325127;6.686713433540421e-07;0
288;90 antiope;991;0.0009328678494707119;0.00012398779043178943;0
289;908 buda;597;0.0006312639140379772;0.0008993629568111853;0
290;909 ulla;770;0.000760845033184278;3.81142665711804e-05;0
291;91 aegina;739;0.0007363923139942591;0.0002576460737226716;0
292;92 undina;1461;0.0013105906362537178;1.1283828919099461e-05;0
293;925 alphonsina;1158;0.0010660322654199293;0.00021514035876093316;0
294;93 minerva;1502;0.001336952288074104;6.018042090186378e-06;0
295;94 aurora;1158;0.001066032265419929;0.00021514035876093316;0
296;95 arethusa;1105;0.0010261207350158493;0.0;0
297;951 gaspra;624;0.0008439081468884982;0.009422247899201807;0
298;97 klotho;1065;0.0009960505815864544;3.81142665711804e-05;0
299;974 lioba;585;0.0006209613190395815;0.0;0
300;98 ianthe;995;0.0009401000618498679;9.170349851712582e-06;0
301;980 anacostia;1086;0.0010138012962793324;0.00012036084180372757;0
302;asteroid;2103;0.00220634555045633;0.034310863970182605;0
303;dawn mission to vesta and ceres;52;0.00022136073563331404;0.0;0
304;mars;661;0.0038235149594196246;0.009031075163339692;1
305;support archives;2582;0.0028234340618835643;0.00046338924094435115;0
306;ceres;690;0.000787116734935736;0.07389353281136848;0
307;eros;797;0.0011941964630809948;0.0017131359816730557;0
308;gaspra;530;0.0009309161863824468;0.0014744203120956628;0
309;ida;721;0.001067309314135896;0.07718941386276056;0
310;132524 apl;29;0.00025614400338261085;0.0;1
311;136108 haumea;77;0.00042859472732915363;0.00014944804523962842;1
312;136472 makemake;77;0.00042859472732915363;0.00014944804523962842;1
313;calibration;871;0.0038435297270541353;0.003843522881599034;1
314;callisto;502;0.0017651222617261267;0.004445327090617672;1
315;charon;190;0.0008638078622776217;0.00012637888389391397;1
316;earth;888;0.003677068598616049;0.007899683250384653;1
317;ganymede;514;0.001773798659907575;0.00155666688732821;1
318;hydra;127;0.0006348666354084912;0.0;1
319;j1 io;179;0.0007720390050559376;0.0;1
320;j2 europa;179;0.0007720390050559376;0.0;1
321;j6 himalia;110;0.0005375825280386993;0.0003470404272007478;1
322;j7 elara;110;0.0005375825280386993;0.0003470404272007478;1
323;jupiter;1142;0.003945844885177162;0.0032477367146705825;1
324;kerberos;149;0.0007110758500330894;0.0;1
325;neptune;234;0.0009774176847458724;0.04351044431204752;1
326;new horizons;459;0.0018943086313524186;0.0035967831559013926;1
327;nix;155;0.0007795558831754073;0.0777490917771479;1
328;pluto;189;0.0008529495553190265;0.0;1
329;star;632;0.001696722242341249;0.054409118537375054;1
330;styx;103;0.0005329303228272549;0.0;1
331;sun;549;0.001628885758878614;0.01835101634700833;1
332;uranus;265;0.001132031915826446;0.002363084527413185;1
333;103p/hartley 2 (1986 e2);72;0.0005885835329219037;0.0065997861589043956;1
334;19p/borrelly 1 (1904 y2);51;0.00046934239030806975;0.0024222619413000173;1
335;25143 itokawa;185;0.0005196453109476961;0.001464390241945352;0
336;2867 steins;75;0.00043195138325381006;4.2126294631304654e-05;1
337;81p/wild 2 (1978 a2);73;0.0004936195808275067;0.0008846521872573977;1
338;9p/tempel 1 (1867 g1);188;0.001164136656754151;0.0018996952864688335;1
339;c/garradd (2009 p1);23;0.0002940990469828595;0.0;1
340;c/ison (2012 s1);56;0.0004298867601116017;0.006264781815884021;1
341;deep impact;155;0.0009358763450434183;0.0061704991564711;1
342;epoxi;132;0.0009907270104214773;8.024056120248505e-06;1
343;gj 436;83;0.0007024125482872472;0.0;1
344;hat-p-4;83;0.0007024125482872472;0.0;1
345;hat-p-7;83;0.0007024125482872472;0.0;1
346;moon;414;0.002683390535684779;0.014489439339138738;1
347;tres-2;83;0.0007024125482872472;0.0;1
348;tres-3;83;0.0007024125482872472;0.0;1
349;wasp-3;75;0.0006473473728720586;4.012028060124253e-06;1
350;xo-2;77;0.0006593241089669744;1.5045105225465949e-05;1
351;xo-3;77;0.0006593241089669744;1.5045105225465949e-05;1
352;deimos;143;0.000548998237192583;0.002908720343590083;1
353;mathilde;207;0.0006064800807339379;0.006042114258547124;1
354;phobos;163;0.0006285339658126919;0.0007743214156039807;1
355;16 cyg b;87;0.0004684543241447413;7.62285331423608e-05;1
356;dark;152;0.0007165184261827;0.0009608807203997585;1
357;international rosetta mission;635;0.0028761406891702895;0.0023450304011426257;1
358;unknown;242;0.0012276771027220047;0.002068200464994052;1
359;vega;173;0.0008847775334252365;0.005883639150172216;1
360;1p/halley 1 (1682 q1);46;0.00045197511914593804;0.0011644911444510643;1
361;26p/grigg-skjellerup 1 (1922 k1);30;0.000517212826095648;0.0019979899739418776;1
362;2p/encke 1 (1818 w1);56;0.00044045078559000185;0.044327895029297834;1
363;67p/churyumov-gerasimenko 1 (1969 r1);257;0.0013252244925531743;0.0004212629463130465;1
364;c/hyakutake (1996 b2);21;0.0002699951038137166;0.00038816371481702146;1
365;comet;83;0.0006199387109786941;0.021366055434191705;1
366;deep space 1;17;0.00025174176241027845;0.0012958850634201336;1
367;solar wind;126;0.0007481431508200581;0.001921761440799517;1
368;galileo;383;0.0014140036802606564;0.002401198793984365;1
369;giotto;19;0.00025992942133665323;0.0;1
370;halley;145;0.0011391316818193105;0.00039117273586211464;1
371;international halley watch;111;0.0008365508600310816;4.0120280601242526e-06;1
372;near earth asteroid rendezvous;139;0.0005801827963552351;0.0013881617088029913;1
373;vega 1;30;0.00033885036479259747;2.0060140300621264e-05;1
374;vega 2;18;0.00025293562482806345;4.2126294631304654e-05;1
375;voyager;454;0.0015371605891376725;4.012028060124253e-05;1
376;2001 mars odyssey;30;0.0002951234736036664;0.0;1
377;2009;37;0.00029187927757377136;0.0;2
378;2010;47;0.00033732382705452;2.0060140300621263e-06;2
379;crew;282;0.0012862333244907018;0.0;2
380;expedition;511;0.0021545243258151454;0.005255756758762771;2
381;iss;648;0.0028663644525844805;0.051807318340384476;2
382;launch;515;0.0021820797906946785;0.00019658937494608836;2
383;mission;511;0.00220767412558315;0.011233678568347907;2
384;press kit;280;0.0012690742205194686;1.604811224049701e-05;2
385;schedule;511;0.002154524325815146;0.005255756758762771;2
386;2011;47;0.00033724914144441485;2.0060140300621263e-06;2
387;2012;38;0.0002980078613957018;0.0;2
388;2013;45;0.0003245617364850636;0.0;2
389;2014;44;0.00031787479231588456;0.0;2
390;amalthea;278;0.0009796865382929085;0.003017045101213438;1
391;epimetheus;1028;0.0022557200734177442;0.004118346803717545;1
392;hayabusa;60;0.00036984597510298967;0.0005536598722971468;1
393;hyperion;1181;0.0025963904785823474;7.422251911229867e-05;1
394;mariner71;42;0.0003110351144362123;3.209622448099402e-05;1
395;mars express;65;0.000423251684173146;0.004655958563774195;1
396;mars global surveyor;100;0.000613157543180723;0.008385138645659687;1
397;mars reconnaissance orbiter;83;0.0005003983548332502;0.010507501489465417;1
398;phobos 2;45;0.0003206689120611908;4.0120280601242526e-06;1
399;stardust;78;0.0005796833345975014;0.008958858658257456;1
400;viking;75;0.00046337144020996507;0.000842525892626093;1
401;cal lamps;50;0.0003641679204968291;0.005057495705458297;1
402;flat field;22;0.0002451537175246682;0.0006359064475296941;1
403;saturn;1439;0.003490711126118142;0.003336001331993316;1
404;sky;96;0.0006026846566650181;0.0072457226765844;1
405;giotto extended mission;9;0.0002818925320372664;0.0;1
406;dark sky;415;0.0010599777666180888;0.006967889733420796;1
407;mercury;192;0.001090367774946338;0.004806409616028855;1
408;messenger;179;0.0009051867579665791;0.0013640895404422458;1
409;space;84;0.0007276982318300543;0.048007927767446806;2
410;venus;435;0.0018533270836504584;0.006058162370787622;1
411;3d model;399;0.002773601738015133;0.011586737037638841;3
412;a-train;33;0.0003338745465367497;0.00031695021674981594;3
413;apollo;153;0.0010475965806122241;0.002240717671579395;3
414;aqua;37;0.000308413831753649;0.009616831260117833;2
415;astronaut;37;0.00048589557300365643;0.0005155456057259664;3
416;aura;42;0.0003285579916013397;0.012826453708217235;3
417;building;10;0.0002394708396255123;0.00206619445096399;3
418;cassini;19;0.00026319470870224545;0.0004864584022900656;3
419;control;123;0.0006356478954129642;0.01245333509862568;4
420;dish;9;0.00019095697812077415;0.0;3
421;earth science;37219;0.019588058944915162;0.0005255756758762771;5
422;eos;566;0.0016965640694393104;0.002355060471292936;3
423;eoss;32;0.0003363829878861054;0.0013620835264121836;3
424;equipment;16;0.00025270964089448033;0.0;3
425;eyes on the earth 3d;98;0.000651639717000791;0.0013299873019311898;3
426;eyes on the solar system;136;0.0008594333765307039;0.0011173498147446044;3
427;hst;46;0.00028106336415207266;0.002651950547742131;1
428;international space station;24;0.0003054765361972138;0.0010411212816022436;3
429;jsc;84;0.0006377398838923311;0.0033500434302037507;3
430;kepler;27;0.0002705722573466588;0.0003430283991406236;2
431;magellan;36;0.00028400875189241105;0.00010832475762335481;1
432;orbiter;25;0.00029772252635979315;0.0008866582012874598;3
433;satellite;939;0.0031507469674626276;0.020196549254665488;3
434;shuttle;56;0.0005532152626336272;0.0003390163710804993;3
435;space shuttle;37;0.0003959647862182765;9.227664538285781e-05;3
436;spacecraft;281;0.0017354038968216254;0.0032377066445202717;3
437;spacesuit;30;0.00042099695764579934;4.0120280601242526e-06;3
438;station;51;0.0005747120263202981;0.00013239692598410034;2
439;structures;19;0.00025844242588467497;0.008816431662123045;3
440;suit;26;0.000391667838885747;0.00024473371166757943;3
441;tdrs;41;0.0003106017074577772;0.002519553621758031;2
442;themis;167;0.0008001110987539115;0.003261778812881017;2
443;tools;51;0.000415734217342979;0.012429262930264934;3
444;trmm;30;0.0002784176756617486;0.02544227594327795;3
445;vehicles;93;0.0007409384439834908;0.0015486428312079614;3
446;water;32;0.0002818690869459924;0.014910702285451785;3
447;janus;998;0.0021591194269899895;0.004306912122543385;1
448;5535 annefrank;8;0.0002086560102561141;0.0;1
449;next;12;0.00022668252680016284;6.82044770221123e-05;1
450;5mc total rna methylation analysis;65;0.0004973284453003795;0.0;6
451;animal and tissue sampling;94;0.0006455785677574722;0.0;6
452;dna library construction;107;0.0007184541890490066;4.0120280601242526e-06;6
453;epitranscriptomics;65;0.0004973284453003795;0.0;6
454;extraction;91;0.0006325792985185327;1.604811224049701e-05;6
455;gravitation;55;0.00042754233964018847;0.0;6
456;labeling;778;0.0041791071239902205;0.00836708451938913;6
457;library construction;348;0.002001098801778468;1.604811224049701e-05;6
458;mass spectrometry;193;0.0011795510078704452;1.8054126270559137e-05;6
459;microgravity;337;0.0019232197613822145;0.0007201590367923033;6
460;nucleic acid extraction;346;0.0019919018627677465;0.00534000934802538;6
461;nucleic acid sequencing;354;0.0020366051337813384;0.0004573711988541648;6
462;protein extraction;170;0.0010563923702568664;4.814433672149103e-05;6
463;proteomic labeling;72;0.000530736385317258;0.0;6
464;rna library construction;114;0.000755668177605263;2.0060140300621263e-06;6
465;sample collection;529;0.0029559226891777645;0.0015366067470275887;6
466;spaceflight;135;0.0008616578352101408;0.02085853388458599;6
467;alpha lyr;42;0.0003520407511899947;0.0008726161030770249;1
468;checkout;20;0.00023738861101811466;0.0;1
469;zeta cas;30;0.00029611093777712476;0.0;1
470;infrared astronomical satellite;10;0.00018376119093150073;6.018042090186378e-06;1
471;absorbed radiation dose;163;0.001001478070711571;2.206615433068339e-05;6
472;array scanning protocol;220;0.0013569781680187307;0.0006619846299205016;6
473;bioassay_data_transformation;270;0.001468509661466182;1.0030070150310632e-05;6
474;data collection;191;0.0011192710642060361;1.604811224049701e-05;6
475;data transformation;156;0.0009681033641606906;0.00029488406241913256;6
476;feature_extraction;282;0.001559441550950584;0.0008766281311371492;6
477;genotype;52;0.00043119339865572244;0.0011534580672857226;6
478;gravity;96;0.0006449115974091669;0.0012176505162477106;6
479;grow;232;0.0012842046395674257;2.0060140300621263e-06;6
480;growth protocol;254;0.0015713635899033478;0.0013681015685023702;6
481;hybridization;287;0.001584317853179944;1.0030070150310632e-05;6
482;hybridization protocol;159;0.0010366084394958447;2.0060140300621263e-06;6
483;hypergravity;52;0.0004457352319705974;0.0012718128950593881;6
484;image_aquisition;226;0.0012461659971903447;2.0060140300621263e-06;6
485;labelling protocol;156;0.0010184886455754001;1.8054126270559137e-05;6
486;normalization data transformation;278;0.0015757393393848052;0.0031654901394380353;6
487;normalization data transformation protocol;166;0.001089927678230501;4.0120280601242526e-06;6
488;nucleic acid extraction protocol;208;0.001342278373258935;9.628867344298205e-05;6
489;nucleic acid hybridization;327;0.0018576954271113926;0.0006980928824616199;6
490;nucleic acid hybridization to array protocol;33;0.00035077463013684406;8.024056120248505e-06;6
491;nucleic acid labeling protocol;31;0.00034005884592397954;1.2036084180372757e-05;6
492;nucleic_acid_extraction;282;0.0015486104733919523;4.814433672149103e-05;6
493;radiation;685;0.0017732720407047549;0.005021053117245502;3
494;radiation dosimetry;142;0.0008877607862107247;3.6108252541118274e-05;6
495;rna extraction;309;0.0017575967257726923;0.0008465379206862173;6
496;sample treatment protocol;186;0.0011741446666712289;0.003715137983675058;6
497;scan protocol;64;0.0004912708825129459;0.0012316926144581455;6
498;sequence assembly;40;0.0003483926580121389;0.0008585740048665901;6
499;space flight;53;0.0004204681466638588;4.0120280601242526e-06;6
500;specified_biomaterial_action;188;0.001066986293790128;2.0060140300621263e-06;6
501;spike-in control;50;0.0004021101378750496;0.0;6
502;treatment;131;0.000828196172783984;0.00032497427287006444;6
503;treatment protocol;133;0.0008659569084160221;6.619846299205017e-05;6
504;weightlessness;29;0.0002925621798684552;0.0;6
505;accessibility;15;0.00045766714983095405;0.0057131279576169355;7
506;chief information officer;37;0.0009428683619708637;0.00630189307544017;7
507;information security;18;0.00056046719562232;0.0;7
508;it policy;37;0.0009508341231576731;0.007130376869855828;7
509;nasa it policy;30;0.0008423595906380017;0.0;7
510;ocio;37;0.0009428683619708637;0.0;7
511;operations;46;0.00039381030216332087;0.04893570925635054;8
512;software;14;0.00029527194013003486;0.02033295820870971;2
513;acd;560;0.0011526329067353877;0.0;8
514;balloon;560;0.0011526329067353877;0.0;8
515;bursts;560;0.001152632906735388;0.0;8
516;cgro;566;0.0011784228373272945;0.0026920708283433735;8
517;compton;560;0.001152632906735388;0.0;8
518;egret;560;0.001152632906735388;0.0;8
519;energy;601;0.0013024190010542847;0.009277814889037334;8
520;fermi;665;0.00164490795277293;0.0085275656417941;8
521;gamma;560;0.001152632906735388;0.0;8
522;gamma-ray;581;0.001249616518566206;0.00010230671553316843;8
523;glast;572;0.0011967288293432353;0.0038816371481702142;8
524;glast ssc;560;0.001152632906735388;0.0;8
525;gro;560;0.001152632906735388;0.0;8
526;gssc;560;0.0011526329067353882;0.0;8
527;high-energy;560;0.0011526329067353882;0.0;8
528;active remote sensing;216;0.0004148680337186877;0.0;5
529;earth observation satellites;216;0.0004148680337186877;0.0;5
530;earth remote sensing instruments;216;0.0004148680337186877;0.0;5
531;imaging radars;216;0.0004148680337186877;0.0;5
532;nasa decadal survey;216;0.0004148680337186877;0.0;5
533;platform characteristics;946;0.0008113911240771937;0.005719145999707122;5
534;radar;1821;0.0024620828828345108;0.0336649274525026;5
535;smap;229;0.00046117794653520515;0.010643910443509642;5
536;spectral/engineering;6245;0.0034438781720246055;0.01381140659697774;5
537;active;2334;0.007638731640084685;0.05961472494538627;9
538;aerospace corporation;6;0.00016559368905914417;0.0;9
539;ames research center;1233;0.0023887179392597067;0.0035245666508191558;9
540;arizona state university;9;0.00017275483016272;0.0;9
541;armstrong flight research center;185;0.0005602843281026487;0.003370103570504372;9
542;brigham young university;5;0.0001615114328886289;0.0;9
543;california institute of technology;32;0.00023486155078475887;0.0;9
544;carnegie mellon university;13;0.00018145541373282615;0.0;9
545;cornell university;15;0.0001858057055178792;0.0;9
546;dryden flight research center;217;0.0004883533037700698;1.0030070150310632e-05;9
547;element;12;0.0001783712252614041;0.00015646909434484586;9
548;georgia institute of technology;16;0.00018988796168839447;0.0;9
549;glenn research center;1544;0.002849631947468811;0.0;9
550;goddard space flight center;1551;0.00304168112415259;0.013542600716949415;9
551;gsfc;10;0.00025215511568554063;0.044102218450915845;9
552;jet propulsion laboratory;1330;0.002612975656508604;0.00036108252541118275;9
553;johns hopkins university;7;0.00016840453837766695;0.0;9
554;johnson space center;1226;0.0023578616463343295;4.012028060124253e-05;9
555;kennedy space center;458;0.0009431622463470213;0.0;9
556;langley research center;1397;0.0026739640855141813;1.604811224049701e-05;9
557;marshall space flight center;935;0.0018173675712972585;0.0;9
558;massachusetts institute of technology;12;0.00018373019182227332;0.0;9
559;massachusetts institute technology;27;0.00022462152474812247;0.0;9
560;missouri university of science and technology;5;0.0001627828397406214;0.0;9
561;nasa headquarters;307;0.0008216863313664409;0.0019598757073706974;9
562;northwestern university;5;0.00016405424659261388;0.0;9
563;ohio state university;8;0.00016740116714021225;0.0;9
564;pennsylvania state university;14;0.00022706654307459064;0.0019979899739418776;9
565;pennsylvania state university, the;7;0.00018903699764600534;0.0;9
566;program;51;0.00027404854675316774;8.826461732273356e-05;9
567;project;304;0.0009930305861013987;0.07044118266563157;9
568;purdue university;18;0.00019423825347344753;0.0;9
569;southwest research institute;6;0.00016686509591113665;0.0;9
570;stanford university;18;0.00019805247402942497;0.0;9
571;stennis space center;331;0.0007243241764809072;0.0;9
572;texas a&m university;6;0.00016559368905914417;0.0;9
573;the university of florida;6;0.00016432228220715167;0.0;9
574;university of california at berkeley;9;0.000175297643866705;0.0;9
575;university of california, santa barbara;8;0.0001699439808441972;0.0;9
576;university of colorado at boulder;23;0.00020956390691805388;0.0;9
577;university of illinois, urbana-champaign;14;0.00018935189045931887;0.0;9
578;university of maryland;14;0.00018680907675533388;0.0;9
579;university of michigan;20;0.00020367417266647055;0.0;9
580;university of texas at austin;12;0.00018373019182227332;0.0;9
581;utah state university;5;0.0001615114328886289;0.0;9
582;wallops flight facility;39;0.0002477422854010498;0.0;9
583;white sands test facility;8;0.00016612976028821977;0.0;9
584;yale university;5;0.0001627828397406214;0.0;9
585;aeronautics;39;0.0003671286232829155;0.0072076084100132195;8
586;apps;88;0.0005827069592284107;0.029185498123373874;3
587;astronomy;59;0.0007458052821786359;0.044442237829011376;8
588;circulation;100;0.0006521786487096309;2.0060140300621263e-06;8
589;climate;699;0.002273902735500264;0.008423252912230868;3
590;history;228;0.001014139729621938;0.0014964864664263461;2
591;imagery;801;0.002788347846647741;0.054409118537375054;1
592;institutional;37;0.00034998167548491764;0.0027281790808844917;8
593;international;53;0.0005904505572992164;0.008635890399417454;2
594;lunar science;62;0.00045668342922289745;0.0005496478442370226;8
595;modeling;82;0.000564874080357923;0.0002768299361485734;8
596;space science;779;0.004160933456460819;0.017474388215871182;8
597;sti;20;0.00040347767691722677;0.0160220340581062;7
598;technical reports;34;0.0003320919645496286;0.02514137383876863;8
599;wise;385;0.001744763236151841;0.0005576719003572711;8
600;aerosol;488;0.0013826250073399485;0.0;3
601;atmospheric science;487;0.0013818821280545206;0.0;3
602;cloud;490;0.0013986739361466541;4.413230866136678e-05;3
603;completed;8786;0.015590240006437656;0.015105285646367811;9
604;aerosols;2660;0.001548958857640107;0.00461383226914289;5
605;air quality;2219;0.0011390706947257223;0.0002587758098780143;5
606;altitude;2521;0.0012205225257848947;0.0027201550247642433;5
607;astrophysics;202;0.0011643585544764375;0.010936788491898712;8
608;atmosphere;18258;0.008473418398739349;0.0020220621423026235;5
609;atmospheric chemistry;4962;0.0022773301700233736;4.012028060124253e-05;5
610;atmospheric electricity;180;0.0002587686890326798;0.00010832475762335481;5
611;atmospheric phenomena;78;0.000182364922740367;1.2036084180372757e-05;5
612;atmospheric pressure;4471;0.0020410220543008624;0.0002427276976375173;5
613;atmospheric radiation;7402;0.0033593905900813075;0.0010130370851813737;5
614;atmospheric temperature;7480;0.0033741978828852252;0.00011033077165341694;5
615;atmospheric water vapor;8248;0.0036009958370577517;9.628867344298205e-05;5
616;atmospheric winds;4085;0.0019137246260962622;0.00030892616062956743;5
617;biosphere;7057;0.0035234923810948484;0.00022467357136695814;5
618;clouds;5394;0.002775575547370933;0.005450340119678797;5
619;cryosphere;4222;0.0022953002136804064;0.00031494420271975385;5
620;ecological dynamics;1681;0.0009542997856948288;4.413230866136678e-05;5
621;ecosystems;1430;0.0008494110129867905;2.206615433068339e-05;5
622;environmental impacts;347;0.00040275192559888575;0.00024874573972770366;5
623;frozen ground;1817;0.001038791822628363;0.0005295877039364013;5
624;geodata;71;0.00038332961355712445;0.014063161357750537;3
625;geomorphic landforms/processes;1643;0.0009373736363999398;0.0001825472767356535;5
626;geomorphology;48;0.00017975377227997865;0.0008645920469567764;5
627;ges disc;44;0.00030890543217023764;0.0007206605402998189;3
628;glaciers/ice sheets;1822;0.001060070929387183;0.0005376117600566498;5
629;human dimensions;1768;0.0015481039799404295;0.008882630125115094;5
630;ice;52;0.0003403087018805003;0.0014374762203753521;3
631;ice core records;283;0.0003203268811581119;1.0030070150310632e-05;5
632;infrared wavelengths;2000;0.0010383491950969475;2.0060140300621263e-06;5
633;inversions;156;0.0003696223246207204;0.0041384069440181664;3
634;land records;57;0.0001879475585493404;0.0017091239536129316;5
635;land surface;12152;0.005722045408820857;0.0014162459052238612;5
636;land temperature;68;0.0002450209669747622;0.00317953223764847;5
637;land use/land cover;3971;0.0020017334711487323;0.0009628867344298206;5
638;lidar;509;0.00038326066516564556;0.002936804540010953;5
639;microwave;1071;0.0006220656460308409;1.0030070150310632e-05;5
640;mirador;50;0.00033456890432040115;0.007396173728839059;3
641;national geospatial data asset;16742;0.0072103030275977135;0.0003470404272007478;5
642;natural hazards;489;0.00046371769709215146;0.012657948529692016;5
643;ngda;16742;0.0072103030275977135;0.0003470404272007478;5
644;ocean optics;3376;0.0014877152558316774;6.218643493192591e-05;5
645;ocean temperature;4914;0.002147029567998545;0.00039518476392223886;5
646;oceans;9404;0.0043300865633238705;0.0037372041380057414;5
647;paleoclimate;363;0.0004071021284622419;0.015356037400125576;5
648;precipitable water;156;0.0003696223246207204;0.0041384069440181664;3
649;precipitation;5923;0.0028636002721333866;0.007307909111516326;5
650;public health;81;0.0002503453569283087;0.00024473371166757943;5
651;rain;52;0.0003403087018805002;0.0014374762203753521;3
652;salinity/density;2718;0.001235118814833754;1.8054126270559137e-05;5
653;sea ice;2206;0.0012650972394704799;0.007496474430342166;5
654;sensor characteristics;608;0.0004251613634897803;0.00044132308661366777;5
655;snow;52;0.00034030870188050017;0.0014374762203753521;3
656;snow/ice;3963;0.002055897857748749;0.0005155456057259664;5
657;soils;3987;0.001954767792611994;0.00040120280601242523;5
658;solar activity;171;0.0002734570264921672;8.024056120248505e-06;5
659;solid earth;2104;0.0014092763557859037;0.008485439347162794;5
660;sun-earth interactions;212;0.00036854054523533495;0.0036609756048633806;5
661;surface radiative properties;3854;0.0017694508493904413;2.8084196420869767e-05;5
662;surface thermal properties;2764;0.001280234314323028;0.0001303909119540382;5
663;tectonics;1734;0.0010930779141701834;0.0034042058090154284;5
664;temperature;72;0.0004871000982673142;0.02766293347455672;6
665;terrestrial hydrosphere;4244;0.0022469311746303173;0.00024874573972770366;5
666;topography;3449;0.001877294034167767;0.01125574472267859;5
667;ultraviolet wavelengths;335;0.00029622293395189554;0.0;5
668;vegetation;4684;0.0023064161702361203;0.0003009021045093189;5
669;visible wavelengths;1524;0.0008388008528253895;0.00025476378181789;5
670;weather events;341;0.00035216884649840336;0.0011634881374360333;5
671;affymetrix:protocol:hybridization-unknown;31;0.00031939518382582407;2.0060140300621263e-06;6
672;dose;73;0.0005335430378708735;1.604811224049701e-05;6
673;p-affy-6;40;0.0003719961122274835;0.004192569322829844;6
674;sex;53;0.0004421688843619585;0.0013741196105925566;6
675;simulated microgravity;90;0.0006285338633001922;6.018042090186378e-06;6
676;time;277;0.0012644545360334758;0.04567092142242443;2
677;age;69;0.0005230923337499291;0.0002587758098780143;6
678;ionizing radiation;133;0.0008327348000322851;9.628867344298205e-05;6
679;irradiation;49;0.0003929944141819949;0.002112332773655419;6
680;timepoint;102;0.0006858744789143319;0.000381142665711804;6
681;agricultural chemicals;46;0.0001786688013069479;2.0060140300621263e-06;5
682;agriculture;2459;0.0015613443175898946;0.019251716646506226;5
683;atmospheric/ocean indicators;115;0.00021509378788213654;9.428265941291994e-05;5
684;climate indicators;495;0.0005351548768497695;0.005578725017602773;5
685;forest science;1512;0.0009019648634567419;0.00018655930479577774;5
686;socioeconomics;122;0.00024322529618175378;9.027063135279569e-05;5
687;surface water;2679;0.0014147809662073063;0.0005516538582670847;5
688;water quality/water chemistry;228;0.00026572777993135436;0.0007221650508223655;5
689;agricultural plant science;172;0.0003110290731554928;0.00019658937494608836;5
690;economic resources;126;0.0002589859995372997;0.00043329903049341926;5
691;environmental governance/management;158;0.0002495129046720786;0.00012838489792397608;5
692;erosion/sedimentation;1555;0.000908037600874177;0.0017171480097331801;5
693;food science;43;0.00021511848942392436;0.0;5
694;habitat conversion/fragmentation;370;0.00034755557488227263;4.0120280601242526e-06;5
695;infrastructure;124;0.0002421623885394004;0.0002768299361485734;5
696;land surface/agriculture indicators;92;0.00020681808485114087;3.410223851105615e-05;5
697;landscape;1529;0.000895790651056247;0.0003510524552608721;5
698;plant commodities;47;0.00021949320488501238;0.0;5
699;population;276;0.00034594978779048326;0.0;5
700;terrestrial ecosystems;1456;0.0008820506590593945;0.0012838489792397609;5
701;airfoil;120;0.0006061171862296266;0.0;4
702;coanda;120;0.0006061171862296266;0.0;4
703;experiment;344;0.0015817607921095403;0.0018274787813865971;4
704;jets;239;0.0010646112599528054;0.0011313919129550393;4
705;models;846;0.0031597765685483464;0.009079219500061183;4
706;synthetic;240;0.0010660970001676584;0.0;4
707;tangential;120;0.0006061171862296268;0.0;4
708;turbulence;849;0.0031953387864406308;0.004563681918391337;4
709;validation;361;0.0016888997033277216;0.019664955536699023;4
710;animal science;68;0.00019869732509304343;0.00047542532512472393;5
711;animals/vertebrates;148;0.0002692526579727773;0.00031494420271975385;5
712;aquatic ecosystems;68;0.00018616281595428073;0.0010070190430911874;5
713;biological classification;214;0.00035089763923243784;0.0164513210605395;5
714;boundaries;127;0.00025537939967077995;0.007392161700778935;5
715;coastal processes;1218;0.0007304852340918229;0.0015406187750877129;5
716;cryospheric indicators;133;0.00023364579801764647;5.6168392841739534e-05;5
717;geospatial;27;0.000246378974347747;0.007197578339862909;5
718;google earth;20;0.00029988848171755343;0.006463377204860171;3
719;ground water;183;0.00024460015747298456;8.425258926260931e-05;5
720;human settlements;72;0.00020684849113267867;4.613832269142891e-05;5
721;land;47;0.0003014629548939302;0.004278827926122515;5
722;modis;25;0.00025852948365296;0.0014884624103060978;3
723;ocean waves;1091;0.0006777681087219841;0.0018515509497473426;5
724;ocean winds;2088;0.0011052235133154748;0.000555665886327209;5
725;geochemistry;71;0.00020706085978867254;0.011352033396121572;5
726;paleoclimate indicators;53;0.00018106873803315108;3.0090210450931894e-05;5
727;albiorix;437;0.0010041944167870993;2.006014030062126e-06;1
728;atlas;910;0.0022737894958315967;0.0632516283818889;1
729;bestia;279;0.0006901776313732458;0.0;1
730;calypso;803;0.001765490748025187;0.0;1
731;cassini-huygens;1090;0.002473964859669182;0.0004774313391547861;1
732;dione;1162;0.002525777715101812;4.0120280601242526e-06;1
733;enceladus;1159;0.002517300412664571;0.0;1
734;erriapus;158;0.00046006279328529305;0.0;1
735;helene;775;0.0016853341951937018;0.00012336986284882076;1
736;iapetus;1103;0.0023869273276787874;0.0005045125285606248;1
737;ijiraq;437;0.0010041944167870993;2.006014030062126e-06;1
738;kiviuq;158;0.00046006279328529305;0.0;1
739;mimas;1143;0.0024689612934900335;3.0090210450931894e-05;1
740;paaliaq;377;0.0008871363091294115;0.0;1
741;pan;721;0.0015715363077214812;0.00015045105225465946;1
742;pandora;800;0.0017389543622071105;0.0;1
743;phoebe;1095;0.0023835647781190353;0.0005366087530416188;1
744;prometheus;760;0.0016506576979443332;0.00027081189405838704;1
745;rhea;1155;0.002509542639145646;3.81142665711804e-05;1
746;s rings;769;0.0017333171365565996;0.0019117313706492063;1
747;siarnaq;437;0.0010041944167870995;2.006014030062126e-06;1
748;skoll;437;0.0010041944167870995;2.006014030062126e-06;1
749;tarqeq;315;0.0007666322355885962;0.0;1
750;tarvos;437;0.0010041944167870995;2.006014030062126e-06;1
751;telesto;789;0.0017152584935708761;0.00012336986284882076;1
752;tethys;1159;0.0025199587830782603;0.00015646909434484586;1
753;titan;1206;0.002668550677757602;8.224657523254718e-05;1
754;ymir;437;0.0010041944167870995;2.006014030062126e-06;1
755;algorithm;3;0.0001787193122322544;0.00011233678568347907;2
756;code ti;13;0.00032326639816711506;0.011701079837352383;2
757;data;149;0.0008814558743566724;0.00622666754931284;2
758;comet sl9/jupiter collision;334;0.0012013428342471204;0.0005697079845376438;1
759;altimetry;64;0.00034305761933347987;0.007497477437357197;1
760;images;627;0.0019369653715643116;0.017496454370201864;1
761;planets;99;0.0004710794162421783;0.00715144001717148;1
762;quadrangles;64;0.0003430576193334798;0.007497477437357197;1
763;usgs;609;0.001854099532130441;0.0024553611727960428;1
764;working group for planetary system nomenclature;580;0.0017644187213125455;0.044734112870385416;1
765;aviation;51;0.0007678011644315765;0.007498480444372228;8
766;report;20;0.00038327039975507746;0.002142422984106351;8
767;safety;95;0.0010988242234637893;0.06299485858604095;8
768;ames;1288;0.001137678629808109;0.0;10
769;dashlink;1288;0.001137678629808109;0.0;10
770;nasa;1308;0.0012047579218512753;0.003991967919823631;10
771;model;11;0.0005611669633547628;0.0022647898399401406;9
772;europa;322;0.0010911982458274303;0.00042928700243329503;1
773;io;336;0.001138272576911293;4.2126294631304654e-05;1
774;io plasma torus;129;0.0005325504659244426;0.0;1
775;j rings;134;0.000608416048255405;6.920748403714335e-05;1
776;jovian;72;0.00035725059567929705;0.00031695021674981594;1
777;moons;316;0.0009871984454314536;0.00048344938124497244;1
778;non science;26;0.0002317665410156402;0.00016449315046509436;1
779;thebe;116;0.00047891668468511613;0.0006760267281309365;1
780;annual report;24;0.00022793033639332085;0.0;11
781;appel;544;0.0020605032035134196;0.0010290851974218708;11
782;knowledge;547;0.0020981265368444245;0.0034854493772329444;11
783;sharing;547;0.0020981265368444245;0.0034854493772329444;11
784;community-based monitoring;18;0.00019700753251206213;3.81142665711804e-05;5
785;indigenous knowledge;16;0.0001910594464679634;0.0;5
786;ocean circulation;129;0.00021331515972577392;0.0020340982264829962;5
787;api;59;0.0009950793900535683;0.008042110246519064;3
788;coordinates;52;0.0005853473563403911;0.0;2
789;earth science research;24;0.0005354571080326093;0.0002337006345022377;3
790;granule;18;0.0004474683756639392;0.0;3
791;landing;233;0.0010354840025268229;0.0;2
792;location;58;0.0006599610303164036;0.01755663479110373;2
793;maps;52;0.0003478012346209487;0.013867574989819479;1
794;neo;21;0.0003300305617632731;0.004389158697775932;1
795;oceanography;28;0.0005361624653671911;0.0011043107235492004;3
796;rest;5;0.00022168190460628755;0.0;3
797;sample;131;0.0009189081669535211;0.0;3
798;vehicle;221;0.0009938317044833529;0.00040320882004248737;2
799;apollo 15;6;0.00018305906103938176;0.0;1
800;catalog;138;0.0009518347894572361;0.0030130330731533137;3
801;lunar;166;0.0010501312845338693;0.009267784818887024;3
802;ask magazine;153;0.0006468058945074203;0.0;11
803;ask the academy;189;0.0007637013990974015;0.0;11
804;case studies;142;0.0006441754805327591;0.0;11
805;leadership;30;0.0002511774271519572;0.0;11
806;management;176;0.0008004375762039819;0.059841404530783286;11
807;training;181;0.0008209349620110165;0.01679434945968012;11
808;arctic sea ice;50;0.0004111452439704246;0.00016783650718186466;3
809;carbon dioxide;50;0.0004111452439704246;0.00016783650718186466;3
810;climatology;58;0.0005249084523998282;0.0018886622093034918;3
811;electricity;50;0.00041114524397042456;0.00016783650718186466;3
812;ephemerides;55;0.0004284936210757229;0.004766289335427612;3
813;geodetics;556;0.0007291476527720909;0.010381122605571504;5
814;land ice;50;0.0004111452439704245;0.00016783650718186466;3
815;news;50;0.0004111452439704245;0.00016783650718186466;3
816;solar system;216;0.0008369481224610647;0.00355666287530015;1
817;waves;50;0.0004111452439704245;0.00016783650718186466;3
818;apxs;385;0.001688018764221495;0.002002002002002002;2
819;chemcam;62;0.00046878149902028694;0.0;2
820;dan;62;0.00046878149902028694;0.0;2
821;hazcam;391;0.001710809097234363;0.0001795382556905603;2
822;mahli;59;0.0004612804831934757;0.005951843627194329;2
823;mardi;55;0.00043641400461955066;0.0;2
824;mastcam;59;0.0004612804831934757;0.005951843627194329;2
825;mb;222;0.000959944408486699;0.00016950818554024966;2
826;mi;324;0.001358518897420195;0.0004473411287038542;2
827;mtes;222;0.000959944408486699;0.00016950818554024966;2
828;navcam;391;0.001710809097234363;0.0001795382556905603;2
829;pancam;310;0.001300361349070622;0.0;2
830;pds;1498;0.006343665678648286;0.015777300346438622;2
831;rat;54;0.0003512815245471611;0.0;2
832;rems;67;0.0004912169186219495;0.0;2
833;rover motion counter;88;0.00047834729025779393;0.0;2
834;sam;60;0.0004586490879529602;0.0;2
835;spice;1138;0.004486165267297629;0.014665968573784206;2
836;delta;219;0.0009761884217041188;0.0031915683218288428;2
837;earth's bridge to space;226;0.0010024722105400861;0.0;2
838;pegasus;123;0.000611112935864521;0.008124356821751612;2
839;raw;31;0.00025021607074835443;0.0020120320721523127;5
840;support;231;0.0010211349660643446;0.0;2
841;ariel;57;0.0003777896889118027;0.0012718128950593881;1
842;miranda;70;0.0004211927760371351;6.726833714141658e-05;1
843;oberon;70;0.00042119277603713514;6.726833714141658e-05;1
844;puck;70;0.00042119277603713514;6.726833714141658e-05;1
845;titania;70;0.00042119277603713514;6.726833714141658e-05;1
846;umbriel;70;0.0004211927760371352;6.726833714141658e-05;1
847;canceled;9;0.00016536634407867561;2.0060140300621263e-06;9
848;stress;34;0.0003035450648116941;0.004912728359622147;6
849;weightlessness simulation;19;0.00024926662447291933;0.0;6
850;asteriods;143;0.0005051960267058775;0.0;1
851;dactyl;143;0.0005051960267058775;0.0;1
852;itokawa;143;0.0005051960267058775;0.0;1
853;lutetia;143;0.0005051960267058775;0.0;1
854;steins;143;0.0005051960267058775;0.0;1
855;vesta;143;0.0005051960267058775;0.0;1
856;discovery;20;0.0003235353275689048;0.010052136304641315;1
857;jpl;21;0.00033348005950652144;0.012003987955891764;1
858;orbit;22;0.0003202081518337558;0.0024152408921948;1
859;binary;30;0.0005225976064576893;0.0;8
860;black hole;30;0.0005225976064576893;0.0;8
861;data visualization;12;0.0005770499182836154;0.0033921697248350557;9
862;gravitational waves;30;0.0005225976064576893;0.0;8
863;life;32;0.0002510989876878033;0.010587742050667903;5
864;ligo;30;0.0005225976064576893;0.0;8
865;neutron stars;30;0.0005225976064576893;0.0;8
866;planetary science;94;0.0006634983021500583;0.07308510915725344;8
867;gamma-ray bursts;153;0.000866411664846779;0.0;8
868;gbm;219;0.0012645666766117791;0.001319957231780879;8
869;lat;219;0.0012645666766117791;0.001319957231780879;8
870;light arcs;152;0.0008597589796604948;0.0;8
871;particle physics;152;0.0008597589796604948;0.0;8
872;photons;152;0.0008597589796604948;0.0;8
873;pulsars;152;0.0008597589796604948;0.0;8
874;solar flares;152;0.0008597589796604948;0.0;8
875;space missions;27;0.0003278810822980088;0.0;8
876;space physics;27;0.0003278810822980088;0.0;8
877;elana;64;0.0003810899332089062;0.0011975903759470893;2
878;goes;63;0.0005121241835806889;0.0023931747378641167;8
879;juno;58;0.0003535139416358358;0.0007823454717242293;1
880;saturn ring plane crossing 1995;47;0.00026051416867396845;0.0010752235201132996;1
881;ocean chemistry;2680;0.0012010649223322004;0.0;5
882;ocean heat budget;506;0.00036300384058288306;9.829468747304418e-05;5
883;ocean pressure;527;0.00038025846802872994;0.0016810397571920617;5
884;sea surface topography;142;0.0002134111368711661;4.0120280601242526e-06;5
885;geomagnetism;30;0.00016688685999569273;0.00016649916449515648;5
886;bathymetry/seafloor topography;65;0.00018252305956208267;3.209622448099402e-05;5
887;data analysis and visualization;43;0.00018407598623109954;9.027063135279568e-06;5
888;earth science services;43;0.00018407598623109954;9.027063135279568e-06;5
889;environmental advisories;81;0.0002196155670302168;2.0060140300621263e-06;5
890;none;5;0.00015201094240263377;0.0;5
891;terrestrial hydrosphere indicators;57;0.00019247591196858534;0.00010631874359329269;5
892;weather/climate advisories;75;0.00021519429651065228;0.0;5
893;atmospheric science data center;54;0.0005086522062751474;0.0;3
894;education outreach;54;0.0005086522062751474;0.0;3
895;hdf5;54;0.0005086522062751474;0.0;3
896;power;60;0.0005476186631489135;0.002719152017749212;3
897;radiometry;56;0.0005229949165450479;0.0033600735003540614;3
898;flight;12;0.00027233409720326654;0.01891671230348585;8
899;flight crew;15;0.0003047612129652738;0.008890654181235344;8
900;plants;37;0.00018484331222609504;0.0001464390241945352;5
901;sustainability;97;0.00023698203706387728;2.0060140300621263e-06;5
902;boundary;59;0.0004530071644206339;2.0060140300621263e-06;4
903;layer;59;0.0004530071644206339;2.0060140300621263e-06;4
904;mach;35;0.00032616489107070885;0.0;4
905;shock;24;0.00025924721695569136;0.0;4
906;shockwave;35;0.00032616489107070885;0.0;4
907;budget;244;0.0011589250355994816;0.0039799318356432585;7
908;finance;240;0.0010970082752328782;0.0;7
909;financial;244;0.0011589250355994816;0.0039799318356432585;7
910;performance;240;0.0010970082752328782;0.0;7
911;plan;240;0.0010970082752328782;0.0;7
912;strategic;240;0.0010970082752328782;0.0;7
913;c/linear (2002 t7);30;0.00028302065375122734;0.00017051119255528073;1
914;m42;32;0.00029197514685754195;6.018042090186378e-06;1
915;dust;78;0.0004312943156198708;0.00022467357136695814;1
916;lunar crater observation and sensing satellite;79;0.0005355178361546602;0.00034904644123080996;1
917;test image;36;0.00031689313270452435;0.0;1
918;ulysses;50;0.0003055458574095533;6.018042090186378e-06;1
919;crater;132;0.0007819274000764608;0.01653156162174198;2
920;geography;394;0.001916514105241521;0.0010290851974218708;8
921;solar;100;0.0006903588343693789;0.023177486103337808;8
922;caps;83;0.00043107600709524287;0.0;2
923;cda;170;0.0007066190733595667;0.0;2
924;cirs;228;0.0009046195356724099;0.0;2
925;hrd;135;0.000605061488502127;0.000539617774086712;2
926;inms;164;0.0007120623352940088;0.0;2
927;mag;218;0.0010296906339017594;0.008559661866275093;2
928;mimi;143;0.0006409278074797586;3.0090210450931894e-05;2
929;rpws;187;0.0007795099035992508;0.0;2
930;rss;696;0.0027082290895292247;0.004587754086752082;2
931;uvis;259;0.0010115228067193642;0.0;2
932;vims;297;0.001144483873686757;0.001097289674443983;2
933;cases;484;0.001646410541613347;0.0;4
934;compressible;184;0.0007101553999822747;0.0;4
935;flow;530;0.0018405325802783692;1.2036084180372757e-05;4
936;incompressible;380;0.001314247647529392;0.0;4
937;tool;39;0.0003652179874247635;0.006190559296771722;2
938;chandrayaan-1;9;0.00019958859155907262;0.0;1
939;mapping;36;0.0003175388658466505;0.0;8
940;landsat;36;0.0002345634726524218;0.0003129381886896917;1
941;data processing;16;0.00025550808833651735;0.004062178410875806;6
942;sl9;38;0.0002661523513595699;9.428265941291994e-05;1
943;national space biomedical research institute;13;0.00017001275206489372;0.0;9
944;contour mission;5;0.0001715625293759903;0.0;1
945;separation;161;0.0007757003309772339;0.0007983935839647263;4
946;coords;49;0.0005644584270889267;0.0;2
947;topo;49;0.0005644584270889268;0.0;2
948;dlre;117;0.0007407792145720171;0.0;2
949;lamp;117;0.0007407792145720172;0.0;2
950;lend;117;0.0007407792145720172;0.0;2
951;lola;117;0.0007407792145720171;0.0;2
952;lroc;117;0.0007407792145720172;0.0;2
953;mini-rf;40;0.0003462937814944475;0.0;2
954;crism;239;0.0009849389934628071;0.0;2
955;ctx;233;0.0009636612026300904;0.0;2
956;hirise;241;0.0009957802638491024;0.00539617774086712;2
957;marci;233;0.0009636612026300902;0.0;2
958;mcs;239;0.0009849389934628071;0.0;2
959;sharad;195;0.0008313123681898029;0.0;2
960;dictionary;111;0.0006306213079742622;0.0;2
961;epps;82;0.0005498439315454505;0.0;2
962;grns;82;0.0005498439315454504;0.0;2
963;grs;147;0.0007156790825245495;0.0;2
964;index;103;0.0005930961286815086;0.0;2
965;mascs;82;0.0005498439315454504;0.0;2
966;mdis;70;0.0004872724977701479;0.0;2
967;mla;82;0.0005498439315454504;0.0;2
968;radio science;58;0.0003723488828221198;0.0;2
969;xrs;82;0.0005498439315454505;0.0;2
970;spaceapps;8;0.000486981289243766;0.0;9
971;sample processing;38;0.00034777414200404586;6.82044770221123e-05;6
972;sequence analysis data transformation;91;0.0006270146546146029;0.004054154354755557;6
973;deep space program science experiment;13;0.00021929187474653848;0.0;1
974;mars pathfinder;19;0.00023638028163967085;0.00011634881374360332;1
975;phoenix;67;0.0004648557239456731;1.2036084180372757e-05;1
976;geologic remote sensing field experiment;16;0.0002063224525246955;0.0;1
977;gravity/gravitational field;618;0.0005412812290037816;0.0022928740363610104;5
978;solar energetic particle flux;10;0.00015962413814674296;0.0;5
979;faith;42;0.00031623737106957256;0.0;4
980;hill;42;0.00031623737106957256;0.0;4
981;telescope;68;0.0005392385343590644;8.024056120248505e-06;8
982;forums;25;0.00031852727531039366;0.0;8
983;knowledge sharing;37;0.000400234102309069;0.0;8
984;gbo;48;0.00044820967533736695;0.0;8
985;nai;48;0.00044820967533736695;0.0;8
986;nen;321;0.0014906732925182699;0.0;8
987;giacobini-zinner;8;0.001;0.0;12
988;international cometary explorer;8;0.001;0.0;12
989;gravity recovery and interior laboratory;5;0.00017754921753281814;0.0;1
990;lunar prospector;21;0.0002657067136378361;0.0;1
991;lunar reconnaissance orbiter;30;0.0003152953051969087;0.0;1
992;mars science laboratory;50;0.00040040522948418106;0.0006238703633493212;1
993;mariner 10;8;0.00018862100162620138;0.0;1
994;mars atmosphere and volatile evolution mission;11;0.00020435039491417526;0.0;1
995;mars exploration rover;146;0.0008679232107815769;0.0;1
996;maven;8;0.00018933825812501794;0.0;1
997;pre-magellan;15;0.0002186016819830392;6.018042090186378e-06;1
998;nasaview;9;0.0001867617867666118;0.0;2
999;pioneer venus;26;0.0002441675288329592;0.0;1
1000;saturn occultation of 28 sagittarius 1989;12;0.00017387021724741506;0.0;1